{
	"credit": "Made with Blockbench",
	"textures": {
		"0": "./crutch",
		"particle": "./crutch"
	},
	"elements": [
		{
			"from": [7.5, 1, 7.5],
			"to": [8.5, 4, 8.5],
			"rotation": {"angle": 0, "axis": "y", "origin": [0, 1, 0]},
			"faces": {
				"north": {"uv": [0, 0, 1, 3], "texture": "#0"},
				"east": {"uv": [0, 0, 1, 3], "texture": "#0"},
				"south": {"uv": [0, 0, 1, 3], "texture": "#0"},
				"west": {"uv": [0, 0, 1, 3], "texture": "#0"},
				"up": {"uv": [0, 0, 1, 1], "texture": "#0"},
				"down": {"uv": [0, 0, 1, 1], "texture": "#0"}
			}
		},
		{
			"from": [8.40747, 4.01433, 7.52],
			"to": [9.40747, 9.01433, 8.48],
			"rotation": {"angle": -22.5, "axis": "z", "origin": [7.90747, 6.51433, 8]},
			"faces": {
				"north": {"uv": [1, 1, 2, 6], "texture": "#0"},
				"east": {"uv": [1, 1, 2, 6], "texture": "#0"},
				"south": {"uv": [1, 1, 2, 6], "texture": "#0"},
				"west": {"uv": [1, 1, 2, 6], "texture": "#0"},
				"up": {"uv": [0, 0, 1, 1], "texture": "#0"},
				"down": {"uv": [0, 0, 1, 1], "texture": "#0"}
			}
		},
		{
			"from": [6.59253, 4.01433, 7.51],
			"to": [7.59253, 9.01433, 8.47],
			"rotation": {"angle": 22.5, "axis": "z", "origin": [8.09253, 6.51433, 8]},
			"faces": {
				"north": {"uv": [1, 1, 2, 6], "texture": "#0"},
				"east": {"uv": [1, 1, 2, 6], "texture": "#0"},
				"south": {"uv": [1, 1, 2, 6], "texture": "#0"},
				"west": {"uv": [1, 1, 2, 6], "texture": "#0"},
				"up": {"uv": [0, 0, 1, 1], "texture": "#0"},
				"down": {"uv": [0, 0, 1, 1], "texture": "#0"}
			}
		},
		{
			"from": [5.75, 8.25, 7.5],
			"to": [6.75, 15.25, 8.5],
			"rotation": {"angle": 0, "axis": "z", "origin": [8, 8.5, 8]},
			"faces": {
				"north": {"uv": [1, 1, 2, 8], "texture": "#0"},
				"east": {"uv": [1, 1, 2, 8], "texture": "#0"},
				"south": {"uv": [1, 1, 2, 8], "texture": "#0"},
				"west": {"uv": [1, 1, 2, 8], "texture": "#0"},
				"up": {"uv": [0, 0, 1, 1], "texture": "#0"},
				"down": {"uv": [0, 0, 1, 1], "texture": "#0"}
			}
		},
		{
			"from": [9.25, 8.25, 7.5],
			"to": [10.25, 15.25, 8.5],
			"rotation": {"angle": 0, "axis": "y", "origin": [8, 8.5, 8]},
			"faces": {
				"north": {"uv": [1, 1, 2, 8], "texture": "#0"},
				"east": {"uv": [1, 1, 2, 8], "texture": "#0"},
				"south": {"uv": [1, 1, 2, 8], "texture": "#0"},
				"west": {"uv": [1, 1, 2, 8], "texture": "#0"},
				"up": {"uv": [0, 0, 1, 1], "texture": "#0"},
				"down": {"uv": [0, 0, 1, 1], "texture": "#0"}
			}
		},
		{
			"from": [5.5, 15.25, 7.25],
			"to": [10.5, 16.5, 8.75],
			"rotation": {"angle": 0, "axis": "y", "origin": [8, 8.5, 8]},
			"faces": {
				"north": {"uv": [0, 13, 5, 14.25], "texture": "#0"},
				"east": {"uv": [0, 14, 1.5, 15.25], "texture": "#0"},
				"south": {"uv": [0, 13, 5, 14.25], "texture": "#0"},
				"west": {"uv": [0, 14, 1.5, 15.25], "texture": "#0"},
				"up": {"uv": [0, 14, 5, 15.5], "texture": "#0"},
				"down": {"uv": [0, 14, 5, 15.5], "texture": "#0"}
			}
		},
		{
			"from": [7.25, 0, 7.25],
			"to": [8.75, 1, 8.75],
			"faces": {
				"north": {"uv": [13, 14, 14.5, 15], "texture": "#0"},
				"east": {"uv": [13, 13, 14.5, 14], "texture": "#0"},
				"south": {"uv": [13, 14, 14.5, 15], "texture": "#0"},
				"west": {"uv": [13, 13, 14.5, 14], "texture": "#0"},
				"up": {"uv": [13, 13, 14.5, 14.5], "texture": "#0"},
				"down": {"uv": [13, 13, 14.5, 14.5], "texture": "#0"}
			}
		},
		{
			"from": [6.75, 9, 7.25],
			"to": [9.25, 10.25, 8.75],
			"rotation": {"angle": 0, "axis": "y", "origin": [8, 8.5, 8]},
			"faces": {
				"north": {"uv": [0, 14, 2.5, 15.25], "texture": "#0"},
				"east": {"uv": [0, 14, 1.5, 15.25], "texture": "#0"},
				"south": {"uv": [0, 13, 2.5, 14.25], "texture": "#0"},
				"west": {"uv": [4, 14, 5.5, 15.25], "texture": "#0"},
				"up": {"uv": [7, 14, 9.5, 15.5], "texture": "#0"},
				"down": {"uv": [7, 14, 9.5, 15.5], "texture": "#0"}
			}
		}
	],
	"gui_light": "front",
	"display": {
		"thirdperson_righthand": {
			"rotation": [0, 90, -180],
			"translation": [0, 9.25, 0.75],
			"scale": [1, 1.15, 1]
		},
		"firstperson_righthand": {
			"rotation": [0, 90, 170],
			"translation": [2.25, 6.5, 0],
			"scale": [1, 1.3, 1]
		},
		"firstperson_lefthand": {
			"rotation": [0, 90, 170],
			"translation": [2.25, 6.5, 0],
			"scale": [1, 1.3, 1]
		},
		"ground": {
			"translation": [0, 4.5, 0]
		},
		"gui": {
			"rotation": [0, 0, 135],
			"translation": [0.75, 0.75, 0],
			"scale": [1.1, 1.1, 1.1]
		},
		"fixed": {
			"rotation": [0, 0, -135],
			"translation": [-1, 1, 0],
			"scale": [1.37, 1.35, 1.35]
		}
	}
}