{
	"credit": "Made by OLLIEZ4",
	"textures": {
		"0": "space:item/voyager_1_boots",
		"particle": "space:item/voyager_1_boots"
	},
	"elements": [
		{
			"from": [11, 3, 7],
			"to": [15, 6, 8],
			"faces": {
				"north": {"uv": [1, 10, 5, 13], "texture": "#0"},
				"east": {"uv": [14, 10, 15, 13], "texture": "#0"},
				"south": {"uv": [11, 10, 15, 13], "texture": "#0"},
				"west": {"uv": [4, 10, 5, 13], "texture": "#0"},
				"up": {"uv": [11, 11, 15, 12], "texture": "#0"},
				"down": {"uv": [1, 12, 5, 13], "texture": "#0"}
			}
		},
		{
			"from": [1, 3, 7],
			"to": [5, 6, 8],
			"faces": {
				"north": {"uv": [11, 10, 15, 13], "texture": "#0"},
				"east": {"uv": [11, 10, 12, 13], "texture": "#0"},
				"south": {"uv": [1, 10, 5, 13], "texture": "#0"},
				"west": {"uv": [1, 10, 2, 13], "texture": "#0"},
				"up": {"uv": [1, 10, 5, 11], "texture": "#0"},
				"down": {"uv": [11, 12, 15, 13], "texture": "#0"}
			}
		},
		{
			"from": [5, 4, 7],
			"to": [7, 13, 8],
			"faces": {
				"north": {"uv": [9, 3, 11, 12], "texture": "#0"},
				"east": {"uv": [9, 3, 10, 12], "texture": "#0"},
				"south": {"uv": [5, 3, 7, 12], "texture": "#0"},
				"west": {"uv": [0, 0, 1, 9], "texture": "#missing"},
				"up": {"uv": [5, 3, 7, 4], "texture": "#0"},
				"down": {"uv": [10, 10, 12, 11], "texture": "#0"}
			}
		},
		{
			"from": [9, 4, 7],
			"to": [11, 13, 8],
			"faces": {
				"north": {"uv": [5, 3, 7, 12], "texture": "#0"},
				"east": {"uv": [0, 0, 1, 9], "texture": "#missing"},
				"south": {"uv": [9, 3, 11, 12], "texture": "#0"},
				"west": {"uv": [6, 3, 7, 12], "texture": "#0"},
				"up": {"uv": [9, 3, 11, 4], "texture": "#0"},
				"down": {"uv": [5, 11, 7, 12], "texture": "#0"}
			}
		},
		{
			"from": [3, 6, 7],
			"to": [5, 12, 8],
			"faces": {
				"north": {"uv": [11, 4, 13, 10], "texture": "#0"},
				"east": {"uv": [0, 0, 1, 6], "texture": "#missing"},
				"south": {"uv": [3, 4, 5, 10], "texture": "#0"},
				"west": {"uv": [12, 4, 13, 10], "texture": "#0"},
				"up": {"uv": [4, 3, 5, 4], "texture": "#0"},
				"down": {"uv": [0, 0, 2, 1], "texture": "#missing"}
			}
		},
		{
			"from": [11, 6, 7],
			"to": [13, 12, 8],
			"faces": {
				"north": {"uv": [3, 4, 5, 10], "texture": "#0"},
				"east": {"uv": [12, 4, 13, 10], "texture": "#0"},
				"south": {"uv": [11, 4, 13, 10], "texture": "#0"},
				"west": {"uv": [0, 0, 1, 6], "texture": "#missing"},
				"up": {"uv": [4, 3, 5, 4], "texture": "#0"},
				"down": {"uv": [0, 0, 2, 1], "texture": "#missing"}
			}
		},
		{
			"from": [2, 6, 7],
			"to": [3, 7, 8],
			"faces": {
				"north": {"uv": [13, 9, 14, 10], "texture": "#0"},
				"east": {"uv": [0, 0, 1, 1], "texture": "#missing"},
				"south": {"uv": [2, 9, 3, 10], "texture": "#0"},
				"west": {"uv": [2, 9, 3, 10], "texture": "#0"},
				"up": {"uv": [2, 9, 3, 10], "texture": "#0"},
				"down": {"uv": [0, 0, 1, 1], "texture": "#missing"}
			}
		},
		{
			"from": [13, 6, 7],
			"to": [14, 7, 8],
			"faces": {
				"north": {"uv": [2, 9, 3, 10], "texture": "#0"},
				"east": {"uv": [13, 9, 14, 10], "texture": "#0"},
				"south": {"uv": [13, 9, 14, 10], "texture": "#0"},
				"west": {"uv": [0, 0, 1, 1], "texture": "#missing"},
				"up": {"uv": [13, 9, 14, 10], "texture": "#0"},
				"down": {"uv": [0, 0, 1, 1], "texture": "#missing"}
			}
		},
		{
			"from": [4, 12, 7],
			"to": [5, 13, 8],
			"faces": {
				"north": {"uv": [11, 3, 12, 4], "texture": "#0"},
				"east": {"uv": [0, 0, 1, 1], "texture": "#missing"},
				"south": {"uv": [4, 3, 5, 4], "texture": "#0"},
				"west": {"uv": [11, 3, 12, 4], "texture": "#0"},
				"up": {"uv": [4, 3, 5, 4], "texture": "#0"},
				"down": {"uv": [0, 0, 1, 1], "texture": "#missing"}
			}
		},
		{
			"from": [11, 12, 7],
			"to": [12, 13, 8],
			"faces": {
				"north": {"uv": [4, 3, 5, 4], "texture": "#0"},
				"east": {"uv": [4, 3, 5, 4], "texture": "#0"},
				"south": {"uv": [11, 3, 12, 4], "texture": "#0"},
				"west": {"uv": [0, 0, 1, 1], "texture": "#missing"},
				"up": {"uv": [11, 3, 12, 4], "texture": "#0"},
				"down": {"uv": [0, 0, 1, 1], "texture": "#missing"}
			}
		}
	],
	"gui_light": "front",
	    "display": {
        "ground": {
            "rotation": [ 0, 0, 0 ],
            "translation": [ 0, 2, 0],
            "scale":[ 0.5, 0.5, 0.5 ]
        },
        "head": {
            "rotation": [ 0, 180, 0 ],
            "translation": [ 0, 13, 7],
            "scale":[ 1, 1, 1]
        },
        "thirdperson_righthand": {
            "rotation": [ 0, 0, 0 ],
            "translation": [ 0, 3, 1 ],
            "scale": [ 0.55, 0.55, 0.55 ]
        },
        "firstperson_righthand": {
            "rotation": [ 0, -90, 25 ],
            "translation": [ 1.13, 3.2, 1.13],
            "scale": [ 0.68, 0.68, 0.68 ]
        },
        "fixed": {
            "rotation": [ 0, 180, 0 ],
            "scale": [ 1, 1, 1 ]
        }
    }
}