{
	"credit": "Made with Blockbench",
	"texture_size": [64, 32],
	"textures": {
		"1": "hats/abyssalite_crown",
		"particle": "hats/abyssalite_crown"
	},
	"elements": [
		{
			"name": "helmet",
			"from": [4, 0, 4],
			"to": [12, 8, 12],
			"rotation": {"angle": 0, "axis": "y", "origin": [12, 8, 12]},
			"faces": {
				"north": {"uv": [2, 4, 4, 8], "texture": "#1"},
				"east": {"uv": [0, 4, 2, 8], "texture": "#1"},
				"south": {"uv": [6, 4, 8, 8], "texture": "#1"},
				"west": {"uv": [4.25, 4, 6, 7.5], "texture": "#1"},
				"up": {"uv": [2, 0, 4, 4], "texture": "#1"},
				"down": {"uv": [0, 0, 2, 4], "texture": "#1"}
			}
		},
		{
			"name": "jewel",
			"from": [6, 8, 4],
			"to": [10, 11, 6],
			"rotation": {"angle": 0, "axis": "y", "origin": [15, 16, 12]},
			"faces": {
				"north": {"uv": [4.5, 1.5, 5.5, 3.5], "texture": "#1"},
				"east": {"uv": [4.25, 2, 4.5, 3.5], "texture": "#1"},
				"south": {"uv": [4.25, 1.5, 5.75, 2], "texture": "#1"},
				"west": {"uv": [4.25, 2, 4.5, 3.5], "texture": "#1"},
				"up": {"uv": [4.25, 1.5, 5.75, 2], "texture": "#1"},
				"down": {"uv": [4.5, 1.5, 5.5, 2], "texture": "#1"}
			}
		},
		{
			"name": "horn",
			"from": [12, 5, 7],
			"to": [15, 7, 9],
			"rotation": {"angle": 0, "axis": "y", "origin": [20, 13, 15]},
			"faces": {
				"north": {"uv": [6, 4, 6.25, 4.5], "texture": "#1"},
				"east": {"uv": [7.5, 4, 8, 4.5], "texture": "#1"},
				"south": {"uv": [7.75, 4, 8, 4.5], "texture": "#1"},
				"west": {"uv": [7.5, 4, 8, 4.5], "texture": "#1"},
				"up": {"uv": [7.5, 4, 8, 4.5], "texture": "#1"},
				"down": {"uv": [7.5, 4, 8, 4.5], "texture": "#1"}
			}
		},
		{
			"name": "horn",
			"from": [1, 5, 7],
			"to": [4, 7, 9],
			"rotation": {"angle": 0, "axis": "y", "origin": [9, 13, 15]},
			"faces": {
				"north": {"uv": [7.75, 4, 8, 4.5], "texture": "#1"},
				"east": {"uv": [6, 4, 6.5, 4.5], "texture": "#1"},
				"south": {"uv": [7.75, 4, 8, 4.5], "texture": "#1"},
				"west": {"uv": [7.5, 4, 8, 4.5], "texture": "#1"},
				"up": {"uv": [7.75, 4, 8, 4.5], "texture": "#1"},
				"down": {"uv": [3.75, 4, 4.5, 4.5], "texture": "#1"}
			}
		},
		{
			"name": "horn",
			"from": [14, 7, 7],
			"to": [15, 9, 9],
			"rotation": {"angle": 0, "axis": "y", "origin": [20, 15, 15]},
			"faces": {
				"north": {"uv": [3.5, 4, 3.75, 4.5], "texture": "#1"},
				"east": {"uv": [7.5, 4, 8, 4.5], "texture": "#1"},
				"south": {"uv": [7.75, 4, 8, 4.5], "texture": "#1"},
				"west": {"uv": [4.25, 2.5, 4.5, 3], "texture": "#1"},
				"up": {"uv": [7.5, 4, 7.75, 4.5], "texture": "#1"},
				"down": {"uv": [6, 4, 6.5, 4.5], "texture": "#1"}
			}
		},
		{
			"name": "horn",
			"from": [1, 7, 7],
			"to": [2, 9, 9],
			"rotation": {"angle": 0, "axis": "y", "origin": [8, 15, 15]},
			"faces": {
				"north": {"uv": [7.75, 4, 8, 4.5], "texture": "#1"},
				"east": {"uv": [3.75, 4, 4.25, 4.5], "texture": "#1"},
				"south": {"uv": [7.75, 4, 8, 4.5], "texture": "#1"},
				"west": {"uv": [7.5, 4, 7.75, 4.5], "texture": "#1"},
				"up": {"uv": [7.75, 4, 8, 4.5], "texture": "#1"},
				"down": {"uv": [6, 4, 6.5, 4.5], "texture": "#1"}
			}
		}
	],
	"display": {
		"gui": {
			"rotation": [23, -143, 0],
			"translation": [0, 1.75, 0],
			"scale": [0.97, 0.97, 0.97]
		},
		"head": {
			"translation": [0, 8.25, 0],
			"scale": [2, 2, 2]
		},
		"fixed": {
			"translation": [0, 2, 0],
			"scale": [1.3, 1.3, 0.35]
		}
	}
}