{
	"credit": "Made with Blockbench",
	"textures": {
		"0": "./thin_sword",
		"particle": "./thin_sword"
	},
	"elements": [
		{
			"from": [7, 0, 7],
			"to": [9, 4, 9],
			"faces": {
				"north": {"uv": [12, 4, 14, 8], "texture": "#0"},
				"east": {"uv": [14, 4, 16, 8], "texture": "#0"},
				"south": {"uv": [14, 4, 16, 8], "texture": "#0"},
				"west": {"uv": [12, 4, 14, 8], "texture": "#0"},
				"up": {"uv": [0, 0, 0, 0], "texture": "#missing"},
				"down": {"uv": [13, 5, 15, 7], "texture": "#0"}
			}
		},
		{
			"from": [6, 4, 6.5],
			"to": [10, 6, 9.5],
			"faces": {
				"north": {"uv": [12, 3, 16, 5], "texture": "#0"},
				"east": {"uv": [12, 3, 15, 5], "texture": "#0"},
				"south": {"uv": [12, 3, 16, 5], "texture": "#0"},
				"west": {"uv": [13, 3, 16, 5], "texture": "#0"},
				"up": {"uv": [12, 0, 16, 3], "texture": "#0"},
				"down": {"uv": [12, 4, 16, 7], "texture": "#0"}
			}
		},
		{
			"from": [6, 22, 8],
			"to": [10, 25, 8],
			"rotation": {"angle": 0, "axis": "y", "origin": [0, 3, 0]},
			"faces": {
				"north": {"uv": [4, 13, 8, 16], "texture": "#0"},
				"east": {"uv": [0, 0, 0, 0], "texture": "#0"},
				"south": {"uv": [12, 13, 16, 16], "texture": "#0"},
				"west": {"uv": [0, 0, 0, 0], "texture": "#0"},
				"up": {"uv": [0, 0, 0, 0], "texture": "#0"},
				"down": {"uv": [0, 0, 0, 0], "texture": "#0"}
			}
		},
		{
			"from": [6, 6, 7.5],
			"to": [10, 22, 8.5],
			"faces": {
				"north": {"uv": [0, 0, 4, 16], "texture": "#0"},
				"east": {"uv": [0, 0, 1, 16], "texture": "#0"},
				"south": {"uv": [8, 0, 12, 16], "texture": "#0"},
				"west": {"uv": [3, 0, 4, 16], "texture": "#0"},
				"up": {"uv": [8, 0, 12, 1], "texture": "#0"},
				"down": {"uv": [0, 0, 0, 0], "texture": "#0"}
			}
		}
	],
	"gui_light": "front",
	"display": {
		"thirdperson_righthand": {
			"rotation": [0, -90, 0],
			"translation": [0, 4.25, 2.25]
		},
		"thirdperson_lefthand": {
			"rotation": [0, 90, 0],
			"translation": [0, 4.25, 2.25]
		},
		"firstperson_righthand": {
			"rotation": [0, -90, 10],
			"translation": [2, 2, 0],
			"scale": [1, 0.9, 0.5]
		},
		"firstperson_lefthand": {
			"rotation": [0, 90, -10],
			"translation": [2, 2, 0],
			"scale": [1, 0.9, 0.5]
		},
		"ground": {
			"translation": [0, 1.5, 0],
			"scale": [0.6, 0.6, 0.6]
		},
		"gui": {
			"rotation": [0, -180, 45],
			"translation": [-2.75, -2.75, 0],
			"scale": [0.8, 0.8, 0.8]
		},
		"fixed": {
			"rotation": [0, 0, 45],
			"translation": [2.75, -2.5, -0.25],
			"scale": [0.9, 0.9, 0.9]
		}
	}
}